SKU,Description,Location,Warehouse Fixed,Pick Mode,Nr of Picks
ABS6020_240_00053,RIGHT INTERMEDIATE SIDEPLATE A,D0604,A0000N,Unknown,0
ABS6020_240_00271,LCD ASSY,EZKE,A0000N,Unknown,0
ABS6020_240_00331,INSERT LEFT BLUE ASSY,G1304,A0000N,Unknown,0
ABS6020_240_00341,INSERT RIGHT BLUE ASSY,G1404,A0000N,Unknown,0
ABS6020_242_00342,LEFT INTERMEDIATE SIDEPLATE,D0504,A0000N,Unknown,0
ABS6020_243_00102,FRONT COVER,EZKE,A0000N,Unknown,0
ABS6020_243_00112,HANDLE,EZKE,A0000N,Unknown,0
ABS6020_243_00122,SIDE PART LEFT,G1104,A0000N,Unknown,0
ABS6020_243_00132,SIDE PART RIGHT,EZKE,A0000N,Unknown,0
ABS6020_247_00061,ABIOSCOPE2 PACKAGING SET,EZKE,A0000N,Unknown,0
AIB4022_109_00241,BOX 408X408X110MM CARDBOARD,LZKL,A0000N,Unknown,0
AIB4022_109_00251,INLAY 403X90MM CARDBOARD,LZKL,A0000N,Unknown,0
AIB4022_109_00261,SHEET 403X403MM CARDBOARD,LZKL,A0000N,Unknown,0
AIB4022_109_00281,BOX 495X495X205MM CARDBOARD,LZKL,A0000N,Unknown,2
AIB4022_244_60061,DISPLAY BOX PM8907,J0504,A0000N,Unknown,1
AIB4022_244_60271,DISPLAYBOX  PM8907/008,J0604,A0000N,Unknown,0
AIB4022_301_10491,SHIPPING STICKER ALFRED,K1603,A0000N,Unknown,0
AIB4022_494_46861,CORNER PIECE,LZKL,B0000N,Unknown,0
AIB7001_101_00154,CAP 0.012F 20% 35V ESR=0.32,EZKE,A0000N,Unknown,25
AIB7001_103_00291,A350 AIP LCD  28QVF1H,B1403,A0000N,Unknown,0
AIB7001_105_00030,CARD EJECTOR D7E50-7316-03 3M,H2002,A0000N,Unknown,0
AIB7001_107_00001,LCD MODULE EA DIP162-DHNLED,A1504,A0000N,Unknown,0
AIB7001_107_00032,A350 AAP TYPE A TOUCHSCREEN,E0103,A0000N,Unknown,8
AIB7001_107_00061,A350 AAP-AIP 2.8 INCH LCD DISP,E0103,A0000N,Unknown,8
AIB7001_107_00101,LOUDSPEAKER 25 L 23 14,EZKE,A0000N,Unknown,0
AIB7001_107_00559,LOUDSPEAKER 25 L 25 10,E0403,A0000N,Unknown,3
AIB7001_109_00031,FAP STRAP AND BUCKEL,H1902,"A0000N, B0000N",Unknown,0
AIB7001_240_06361,LIB A330F LARGE FRONTPLATE ASS,A1504,A0000N,Unknown,0
AIB7001_240_07842,A350-FAP BACKLIGHT INV ASSY,A1504,A0000N,Unknown,0
AIB7001_240_09971,MP-FAP V52 HKP COVER DD ASSY,E0403,A0000N,Unknown,10
AIB7001_242_00644,DISTANCER UNC4-40X32MM,H1202,A0000N,Unknown,0
AIB7001_242_01092,A350 AIP LCD FRAME,E2107,A0000N,Unknown,0
AIB7001_242_01093,A350 AIP LCD FRAME,I0503,A0000N,Unknown,9
AIB7001_242_01102,A350 AAP A REARCASE,E0303,A0000N,Unknown,9
AIB7001_242_01122,A350 AIP REARCASE,EZKE,A0000N,Unknown,10
AIB7001_242_01281,A350-FAP FRONT PLATE DD,,,Unknown,0
AIB7001_242_01661,A350-FAP FRONT PLATE LR SA DD,E0103,A0000N,Unknown,13
AIB7001_243_00671,FOIL SCREEN JAC 87015,E0701,A0000N,Unknown,0
AIB7001_246_05046,MP-FAP MB COATED UNIT,F1204,A0000N,Unknown,0
AIB7001_246_05047,MP-FAP MB COATED UNIT,F1104,A0000N,Unknown,0
AIB7001_246_05281,MP-FAP LR SA MB COATED UNIT,A1504,A0000N,Unknown,0
AIB7001_246_06542,MP-FAP V4 MB PC1 COATED UNIT,H1302,A0000N,Unknown,0
AIB7001_246_06544,MP-FAP V4 MB PC1 COATED UNIT,A1504,A0000N,Unknown,0
AIB7001_246_06837,MP-FAP V52 MB PC1 COATED UNIT,F1204,A0000N,Unknown,0
AIB7001_247_00071,FAP SHEET CARDBOARD,J0704,B0000N,Unknown,0
AIB7001_247_00101,FOIL ANTISTATIC PINK FOR CLEAN,LZKL,A0000N,Unknown,0
APA0532_243_00013,RING,E0905,A0000N,Unknown,0
APA0532_243_00032,COVER,E0905,A0000N,Unknown,0
APA0532_246_00103,STALORAL SMD MAINBOARD,K0902,A0000N,Unknown,0
APA0532_247_00012,QUICKSTART MANUAL,K1203,A0000N,Unknown,0
APA0532_247_00033-C,IPUMP PACKAGING BOX,EZKE,A0000N,Unknown,0
ASM0051_108_00071-LF,FRAME MDPC 1,EZKE,A0000N,Unknown,43
ASM0051_109_00003-LF,ESD CONTAINER 800 X 600 X 120,HZKH,A0000N,Unknown,0
ASM0051_109_00004-LF,ESD LID FOR CONTAINER 800 X 60,HZKH,A0000N,Unknown,0
ASM0051_109_00005-LF,PE DISSIPATIVE FOAM 760X560X25,HZKH,A0000N,Unknown,0
ASM0051_109_00006-LF,ESD BAG SCC1000 24X30 INCH,E2003,A0000N,Unknown,53
ASM0051_110_00081-LF,"DUPLEXPATCHCORD 9/125, FCAPC/F",K0003,"A0000N, B0000N",Unknown,0
ASM0051_240_01641-LF,FINAL ASSY BFSR FLIGHT CASE,EZKE,A0000N,Unknown,0
ASM0051_240_02311-P,NXT3 MDRC SMCR WIRE SET,HZKH,A0000N,Unknown,0
ASM0051_240_02471-P,WIRE HARNESS SHB-MD PLC,F1402,A0000N,Unknown,0
ASM0051_240_02511-LF,NXT3_MDRC WIRE HARNESS SHB PLC,HZKH,A0000N,Unknown,1
ASM0051_240_02682-P,WIRE SET_MDRC_NXE3400_BACKPLAT,HZKH,A0000N,Unknown,0
ASM0051_240_02711-LF,MDRC NXE3400 MECHANICAL ASSY,EZKE,A0000N,Unknown,0
ASM0051_240_03501-P,WIRESET SR HPRGA POWER I/O BOX,J1302,A0000N,Unknown,0
ASM0051_240_03631-LF,NXT3_MDRC 250A GEN. ASSY CABLE,I2002,A0000N,Unknown,0
ASM0051_240_03841-P,WIRE SET NXT1 MDRC CBT ASSY,D1504,A0000N,Unknown,0
ASM0051_240_06162-P,WIRE SET MDRC3800 CBM ASSY 022,G0902,A0000N,Unknown,0
ASM0051_240_06172-P,WIRE SET MDRC3800 CBT ASSY 022,HZKH,A0000N,Unknown,0
ASM0051_240_06182-P,WIRE SET MAIN MDRC3800 BPA ASS,F0301,A0000N,Unknown,0
ASM0051_240_06631-LF,PDU PANEL2 WIRE DUCTS,EZKE,A0000N,Unknown,43
ASM0051_240_06641-LF,PDU PANEL3 WIRE DUCTS,EZKE,A0000N,Unknown,42
ASM0051_240_06652-LF,PDU PANEL4 WIRE DUCTS,J0902,A0000N,Unknown,41
ASM0051_240_30691-LF,2D INTERFACE BOX ASSY,EZKE,A0000N,Unknown,16
ASM0051_240_86611-P,WIRE LIST_MDPC1 DIN ASSY 1 PAR,HZKH,A0000N,Unknown,40
ASM0051_240_86651-P,WIRE LIST_MDPC1 DIN ASSY 5,I0801,A0000N,Unknown,38
ASM0051_240_86661-P,WIRE LIST_MDPC1 DIN ASSY 6,H0201,A0000N,Unknown,40
ASM0051_240_86681-P,WIRE LIST_MDPC1 PE RAIL,HZKH,A0000N,Unknown,43
ASM0051_240_86691-P,WIRE LIST_MDPC1 REMAINING WIRE,J0401,A0000N,Unknown,43
ASM0051_438_35234-LF,PVC WIRE 95QMM 600V BK,K1502,A0000N,Unknown,0
ASM0051_438_45038-LF,XT5S 400A BREAKING PART 4P 100,F1104,A0000N,Unknown,37
ASM0051_694_37063-LF,REAR PROTECTION ASSY MID,D1701,A0000N,Unknown,7
ASM0051_694_46832-LF,BASE PLATE W800 D900 + WHEELS,EZKE,A0000N,Unknown,3
ASM0051_698_53764-LF,RH NXE CONTROL CABINET ASSY AN,EZKE,A0000N,Unknown,24
ASM0051_704_23641-LF,BASE PLATE W900 D1200 + WHEELS,EZKE,A0000N,Unknown,90
ASM0051_704_78471-LF,BASE PLATE 126TE 900MM + WHEEL,EZKE,A0000N,Unknown,5
ASM0051_716_02442-LF,WIRE DUCT 60X40 350MM,E0302,A0000N,Unknown,0
ASM0051_716_02471-LF,WIRE DUCT 60X60 657MM,G0102,A0000N,Unknown,38
ASM4022_430_06531-LF,CONNECTOR STICKER,K0803,A0000N,Unknown,0
ASM4022_430_23602-LF,TRACKBALL B5XUSB,I0502,A0000N,Unknown,4
ASM4022_438_05890-LF,DOUBLE-LAYER 2.7V 20% 25F RA,EZKE,A0000N,Unknown,3
ASM4022_438_07168-LF,3 PHASE MAINS FILTER 520V/200A,HZKH,A0000N,Unknown,0
ASM4022_438_07171-LF,3P+N  EMC FILTER 440VAC/180A,EZKE,A0000N,Unknown,43
ASM4022_438_07173-LF,3P+N 530VAC/250A N DISC SCREW,HZKH,A0000N,Unknown,3
ASM4022_438_07206-LF,3PH MAINS FILTER 520V/200A,I1101,A0000N,Unknown,43
ASM4022_438_32582-LF,PWR CONT REC 2.5-4QMM,K1503,A0000N,Unknown,0
ASM4022_438_34301-LF,GROUND RAIL MS M5,F0204,A0000N,Unknown,6
ASM4022_438_34320-LF,DIN RAIL TH TYPE 15X5.5 PERF,LZKL,A0000N,Unknown,0
ASM4022_438_34484-LF,BUSBAR CIRCUIT BREAKER ADAPTER,HZKH,A0000N,Unknown,80
ASM4022_438_35190-LF,PVC WIRE 10QMM 600V BK,K1502,A0000N,Unknown,0
ASM4022_438_35196-LF,PVC WIRE 10QMM 600V BU,K1502,A0000N,Unknown,0
ASM4022_438_35200-LF,PVC WIRE 16QMM 600V BK,K1602,A0000N,Unknown,5
ASM4022_438_35204-LF,PVC WIRE 16QMM 600V BU,K1602,A0000N,Unknown,5
ASM4022_438_35226-LF,PVC WIRE 25QMM 600V BU,K1802,A0000N,Unknown,0
ASM4022_438_35229-LF,PVC WIRE 25QMM 600V YE-GN,K1702,A0000N,Unknown,0
ASM4022_438_35235-LF,PVC WIRE 95QMM 600V BU,EZKE,A0000N,Unknown,0
ASM4022_438_36804-LF,PVC CBL SHI 4+PEX2.5QMM TC,K1303,A0000N,Unknown,0
ASM4022_438_37213-LF,PVC CBL SHI 2+PEX1.5QMM TC,K1703,A0000N,Unknown,0
ASM4022_438_37947-LF,PVC CBL TWI/SHI 5X2X.34QMM CMR,K1303,A0000N,Unknown,1
ASM4022_438_37951-LF,PVC CBL TWI/SHI 2X2X0.25QMMCMR,K1803,A0000N,Unknown,0
ASM4022_438_38542-LF,PVC WIRE 50QMM 600V GNYE,K1802,A0000N,Unknown,0
ASM4022_438_38543-LF,PVC WIRE 50QMM 600V BK,K1702,A0000N,Unknown,6
ASM4022_438_38544-LF,PVC WIRE 16QMM 600V DARK-BU,K1703,A0000N,Unknown,0
ASM4022_438_38935-LF,PA CBL TIE DIAM. TO 330MM RD,D1903,A0000N,Unknown,0
ASM4022_438_39103-LF,SHRINK SLEEVE 2.4/1.2MM BLACK,K1402,A0000N,Unknown,0
ASM4022_438_39107-LF,SHRINK SLEEVE 9.5/4.8MM BK,K1403,A0000N,Unknown,0
ASM4022_438_39108-LF,SHRINK SLEEVE 12.7/6.4MM BK,K1203,A0000N,Unknown,0
ASM4022_438_39109-LF,SHRINK SLEEVE 19.1/9.5MM BK,K1603,A0000N,Unknown,0
ASM4022_438_39110-LF,SHRINK SLEEVE 25.4/12.7MM BK,K1803,A0000N,Unknown,0
ASM4022_438_39111-LF,SHRINK SLEEVE 38.0/19.0MM BK,K1803,A0000N,Unknown,0
ASM4022_438_39113-LF,SHRINK SLEEVE 76.0/38.1MM BK,K1503,A0000N,Unknown,0
ASM4022_438_39135-LF,SHRINK SLEEVE 1.2/0.6MM WHITE,K1703,A0000N,Unknown,0
ASM4022_438_39136-LF,SHRINK SLEEVE 9.5/4.8MM WH,K1403,A0000N,Unknown,0
ASM4022_438_39142-LF,SHRINK SLEEVE 9/3MM BLACK GLUE,F0304,A0000N,Unknown,0
ASM4022_438_39143-LF,SHRINK SLEEVE 12/4MM GLUE BK,F0304,A0000N,Unknown,0
ASM4022_438_39146-LF,SHRINK SLEEVE 39/13MM BLK GLUE,D2003,A0000N,Unknown,0
ASM4022_438_39173-LF,SHRINK SLEEVE 2.4/1.2MM WHITE,K1303,A0000N,Unknown,0
ASM4022_438_39174-LF,SHRINK SLEEVE 3.2/1.6MM WHITE,K1302,A0000N,Unknown,0
ASM4022_438_39178-LF,SHRINK SLEEVE 12.7/6.4MM WHITE,K1202,A0000N,Unknown,4
ASM4022_438_39179-LF,SHRINK SLEEVE 19.0/9.5MM WHITE,K1302,A0000N,Unknown,0
ASM4022_438_39190-LF,SHRINK SLEEVE 3/1.5MM YE-GN,K1603,A0000N,Unknown,0
ASM4022_438_39292-LF,SLIT HARNESS WRAP 20.0-23.0MM,K1402,A0000N,Unknown,1
ASM4022_438_39544-LF,PVC EDGE PROFILE BLK 1.0-4.0MM,K1802,A0000N,Unknown,7
ASM4022_438_40212-LF,TAPPED STRIP 126TE M2.5,G0702,A0000N,Unknown,63
ASM4022_438_40605-LF,RAIL FLANGED 23X64 L1000MM,LZKL,A0000N,Unknown,43
ASM4022_438_40606-LF,RAIL FLANGED 23X64 L1600MM,LZKL,A0000N,Unknown,40
ASM4022_438_40611-LF,BAYING COVER L 1200MM,F2002,A0000N,Unknown,90
ASM4022_438_40612-LF,MOUNTING RAILS 18X64 L 800MM,F0404,A0000N,Unknown,3
ASM4022_438_40618-LF,C RAIL 23X64MM L 800MM,F0404,A0000N,Unknown,6
ASM4022_438_40621-LF,C RAIL 23X23MM L 695MM,F0504,A0000N,Unknown,3
ASM4022_438_40622-LF,MOUNTING RAIL 18X39 L 800MM,F0504,A0000N,Unknown,4
ASM4022_438_40635-LF,RAIL FLANGED 23X64 L800MM,F0604,A0000N,Unknown,209
ASM4022_438_40815-LF,PARTIAL MNT PLATE 700X300MM,G0102,A0000N,Unknown,3
ASM4022_438_40855-LF,VX 19 MOUNTING ANGLES 482.6MM,EZKE,A0000N,Unknown,3
ASM4022_438_41556-LF,3PST+2NO+2NC REL 110-250V 250A,EZKE,A0000N,Unknown,46
ASM4022_438_42218-LF,TRANSFORMER 4000VA 400V/230V,HZKH,A0000N,Unknown,46
ASM4022_438_42219-LF,TRAFO 1380VA 230V/100_120_230V,HZKH,A0000N,Unknown,3
ASM4022_438_42220-LF,TRAFO 1380VA 400V/100_120_230V,HZKH,A0000N,Unknown,86
ASM4022_438_44786-LF,3 POL 60A MAIN SWITCH,EZKE,A0000N,Unknown,50
ASM4022_438_44792-LF,4POL 175A MAIN SWITCH NZMN2,G0201,A0000N,Unknown,43
ASM4022_438_44793-LF,4POL 250A MAIN SWITCH NZMN2,G0301,A0000N,Unknown,0
ASM4022_438_44910-LF,DOOR MOUNTED ROT. HANDLE NZM2,G0401,A0000N,Unknown,43
ASM4022_438_54038-LF,SIDE WALL FIXED SUPP 6HE 565MM,G0303,A0000N,Unknown,1
ASM4022_438_54067-LF,SIDE WALL FIXED SUPP 6HE 415MM,H0102,A0000N,Unknown,29
ASM4022_438_54296-LF,FRONT HOR RAIL 126TE H-LL,G0702,A0000N,Unknown,40
ASM4022_438_54396-LF,FRONT HOR RAIL 126TE H-SL,D0903,A0000N,Unknown,25
ASM4022_438_55205-LF,CABLE TRAY PROFILE 1800MM,A1101,A0000N,Unknown,103
ASM4022_438_55207-LF,CABLE TRAY PROFILE 1600MM,EZKE,A0000N,Unknown,43
ASM4022_438_55242-LF,CAB. 38HE W600 D1200 PC,EZKE,A0000N,Unknown,44
ASM4022_438_55243-LF,CAB 38HE W800 D900 PC,EZKE,A0000N,Unknown,5
ASM4022_438_55248-LF,CAB. 38HE W800 D900 PC,EZKE,A0000N,Unknown,7
ASM4022_438_55252-LF,CAB. 38HE W600 D1200 PC,EZKE,A0000N,Unknown,46
ASM4022_438_55896-LF,REAR RAIL 126TE H-RC CHRM,G0802,A0000N,Unknown,60
ASM4022_438_56039-LF,EMC COVER 295MM/126TE,D0903,A0000N,Unknown,22
ASM4022_438_56069-LF,EMC COVER 415MM/126TE,F1204,A0000N,Unknown,13
ASM4022_438_56071-LF,EMC COVER 475MM/84TE,F2002,A0000N,Unknown,54
ASM4022_438_56265-LF,FLOWBLOCKER 6HE 4TE 280MM CHRM,E0207,A0000N,Unknown,9
ASM4022_438_57196-LF,REAR RAIL 126TE H-ST CHRM,E0205,A0000N,Unknown,4
ASM4022_438_57996-LF,PERF STRIP STAINLESS ST 126TE,G0402,A0000N,Unknown,62
ASM4022_438_77360-LF,HD4.2 REC CRP CNT 0.24-1.0QMM,K1402,A0000N,Unknown,0
ASM4022_439_61281-LF,HOSE PUR BLK 8X6,K1402,A0000N,Unknown,0
ASM4022_439_75331-LF,HOSE BLK PUR 10X7,K1402,A0000N,Unknown,0
ASM4022_451_81963-LF,L/MCWU/MDC CLEAN ASSY,K0101,A0000N,Unknown,0
ASM4022_451_93541-LF,CUSHION ASSY SOFT,HZKH,A0000N,Unknown,0
ASM4022_470_71782-LF,ATWT ILIAS LS COB BOX,F1801,A0000N,Unknown,10
ASM4022_471_67362-LF,ESD CLEANROOM PCA PACKAGING,LZKL,A0000N,Unknown,113
ASM4022_471_76491-LF,COND. TRANS. BOX 400X380X110,EZKE,A0000N,Unknown,0
ASM4022_471_85131-LF,EXTENDER 3HE 15PE 180MM PCA,HZKH,A0000N,Unknown,27
ASM4022_471_96571-LF,PC LSPR6 BP PCA,HZKH,A0000N,Unknown,27
ASM4022_472_36992-LF,MDC III 19 MON/KEYB BRACK-L,F1005,A0000N,Unknown,0
ASM4022_472_39811-LF,SUBRACK EMC COVER 315 MM 126TE,G0902,A0000N,Unknown,27
ASM4022_472_62865-LF,AIR DIST UNIT 126TE-1HE,HZKH,A0000N,Unknown,24
ASM4022_472_73561-LF,BLIND PLATE 2HE/126TE,G1202,A0000N,Unknown,24
ASM4022_472_73671-LF,POWER MOD SPEC PACK FILL PACK1,LZKL,A0000N,Unknown,0
ASM4022_472_73681-LF,POWER MOD SPEC PACK FILL PACK2,LZKL,A0000N,Unknown,0
ASM4022_472_73701-LF,POWER MOD SPEC PACK BOX TYPE 1,LZKL,A0000N,Unknown,0
ASM4022_472_74802-LF,CABLE BRACKET 126TE SPECIAL,G1302,A0000N,Unknown,31
ASM4022_472_98041-LF,FILL PACK 12/20TE BOTTOM,LZKL,A0000N,Unknown,0
ASM4022_472_98051-LF,FILL PACK 12TE TOP,LZKL,A0000N,Unknown,0
ASM4022_472_99402-LF,IDPB BOX,D0502,A0000N,Unknown,17
ASM4022_473_00805-LF,"EDGE PROTECTION STRIP, 80X3X3",G1903,A0000N,Unknown,0
ASM4022_474_06761-LF,CLEANROOM AIR-CUSHION FOIL,H1903,B0000N,Unknown,0
ASM4022_474_11531-LF,STANDARD CARDBOARD BOX SIZE J1,EZKE,A0000N,Unknown,0
ASM4022_474_11891-LF,PT BAND BIRTEX 16MM,J1102,A0000N,Unknown,0
ASM4022_474_20561-LF,GREY PU CUSHION 150X150X150,HZKH,A0000N,Unknown,0
ASM4022_474_20572-LF,STANDARD CLEAN PP FIX SIZE B,LZKL,A0000N,Unknown,0
ASM4022_474_20582-LF,STANDARD CLEAN PP FIX SIZE C,LZKL,A0000N,Unknown,0
ASM4022_474_20592-LF,STANDARD CLEAN PP FIX SIZE D,LZKL,A0000N,Unknown,0
ASM4022_474_20622-LF,STANDARD CLEAN PP BOX SIZE B,LZKL,A0000N,Unknown,0
ASM4022_474_20632-LF,STANDARD CLEAN PP BOX SIZE C,LZKL,A0000N,Unknown,0
ASM4022_474_20642-LF,STANDARD CLEAN PP BOX SIZE D,LZKL,A0000N,Unknown,0
ASM4022_474_20731-LF,STANDARD CARDBOARD BOX SIZE B1,LZKL,A0000N,Unknown,0
ASM4022_474_20741-LF,STANDARD CARDBOARD BOX SIZE B2,LZKL,A0000N,Unknown,0
ASM4022_474_20751-LF,STD CARDB BOX (C1),LZKL,A0000N,Unknown,0
ASM4022_474_20761-LF,STANDARD CARDBOARD BOX SIZE C2,LZKL,A0000N,Unknown,0
ASM4022_474_20771-LF,STANDARD CARDBOARD BOX SIZE D1,LZKL,A0000N,Unknown,0
ASM4022_474_20781-LF,STANDARD CARDBOARD BOX SIZE D2,LZKL,A0000N,Unknown,0
ASM4022_474_20801-LF,BLACK EPP CUSHION 145X145X145,HZKH,A0000N,Unknown,0
ASM4022_474_27351-LF,STANDARD CARDBOARD FIXATION E1,LZKL,A0000N,Unknown,0
ASM4022_474_27361-LF,STANDARD CARDBOARD BOX SIZE F1,LZKL,A0000N,Unknown,0
ASM4022_474_27371-LF,STANDARD CARDB. BOX SIZE F2/G1,HZKH,A0000N,Unknown,0
ASM4022_474_27381-LF,STANDARD CARDB. BOX SIZE G2/H1,EZKE,A0000N,Unknown,0
ASM4022_474_27411-LF,SYNTHETIC MATERIAL PALLET I,EZKE,A0000N,Unknown,0
ASM4022_474_27421-LF,PE PLATE 785 X 585 X 3,EZKE,A0000N,Unknown,0
ASM4022_474_34172-LF,YMCR TRANSPORT ASSY,HZKH,A0000N,Unknown,3
ASM4022_474_41912-LF,BOTTOM SHEET (PE) 1650X1550,H1002,A0000N,Unknown,0
ASM4022_474_41922-LF,BLOCKBAG (PE) 1150X950X1800,K0201,A0000N,Unknown,0
ASM4022_474_48031-LF,FLATBAG (PE) 750 X 1050,K0001,A0000N,Unknown,0
ASM4022_474_56531-LF,NXT MDRC CBB / CBM / CBT ASSYS,EZKE,A0000N,Unknown,0
ASM4022_474_67441-LF,PCA PACKAGING 500X500,LZKL,A0000N,Unknown,16
ASM4022_474_77862-LF,IL MMA MMEB ASSY PACKAGING,HZKH,A0000N,Unknown,6
ASM4022_474_79801-LF,STD LDPE BAG (A) 260X360,K0303,A0000N,Unknown,0
ASM4022_474_79811-LF,LDPE BAG 390X490 (B),K0502,A0000N,Unknown,0
ASM4022_474_79831-LF,LDPE BAG 470X610 (C),K0502,A0000N,Unknown,0
ASM4022_474_79841-LF,LDPE BAG 650X840 (D),K1003,A0000N,Unknown,0
ASM4022_474_79851-LF,LDPE BAG 710X960 (F),F0004,A0000N,Unknown,0
ASM4022_474_79961-LF,SHIELDING BAG 650X840 (D),H1202,A0000N,Unknown,0
ASM4022_474_83001-LF,LDPE BAG 650X840 (D) TAPED,J0802,A0000N,Unknown,0
ASM4022_474_83011-LF,LDPE BAG 450X450 (E) TAPED,K1003,A0000N,Unknown,0
ASM4022_476_01361-LF,PSU 24V/10A PARALLEL SEMI-F47,I0802,A0000N,Unknown,0
ASM4022_476_01691-LF,PSU DIN RAIL 48V 10A,J1402,A0000N,Unknown,7
ASM4022_478_00087-LF,HMI TOUCH PANEL 7 TFT,J1002,A0000N,Unknown,69
ASM4022_478_00307-LF,PSU 230VAC 48V/24VDC 1600W 1U,LZKL,A0000N,Unknown,43
ASM4022_478_00335-LF,PSU 24VDC 1200W,LZKL,A0000N,Unknown,46
ASM4022_478_00427-LF,PSU 24.1VDC 10A 3HE 12TE,LZKL,A0000N,Unknown,30
ASM4022_478_00428-LF,PSU 24.1VDC 10A 3HE 8TE,LZKL,A0000N,Unknown,62
ASM4022_478_00430-LF,PSU 26.1VDC 9.2A 3HE 12TE,HZKH,A0000N,Unknown,0
ASM4022_478_00431-LF,PSU 24.1V/5A 3HE 8TE,HZKH,A0000N,Unknown,8
ASM4022_478_00456-LF,ETHERNET SW 16XRJ45 10/100MB,HZKH,A0000N,Unknown,85
ASM4022_478_00557-LF,UPS RACKMOUT VERSION 3000VA,HZKH,A0000N,Unknown,53
ASM4022_478_00741-LF,PSU 53V/15A 12TE 6HE,LZKL,A0000N,Unknown,83
ASM4022_478_00871-LF,19 4 SLOT 2 OUT 1600W 1U RACK,EZKE,A0000N,Unknown,1
ASM4022_478_00889-LF,UPS 3U RACK MNT 6KVA NETWORK,LZKL,A0000N,Unknown,20
ASM4022_478_01078-LF,UPS 3PH 9SX 20KVA NET RM 3U,EZKE,A0000N,Unknown,23
ASM4022_478_01357-LF,SITOP CNX8600 24V 8X2.5A EXP.,HZKH,A0000N,Unknown,3
ASM4022_478_05002-LF,19 INCH LCD DISPLAY,G0603,A0000N,Unknown,0
ASM4022_478_05039-LF,KEYBOARD,HZKH,A0000N,Unknown,4
ASM4022_478_05072-LF,PORTSERVER 16P RS-232/422/485,HZKH,A0000N,Unknown,4
ASM4022_478_05075-LF,19IN TOUCH SCREEN MONITOR,HZKH,A0000N,Unknown,4
ASM4022_478_05119-LF,3.5IN MI/O COMPACT SBC N2600,G0602,A0000N,Unknown,48
ASM4022_478_05153-LF,MAN SW EX3400 48P POE+,HZKH,A0000N,Unknown,31
ASM4022_478_05155-LF,FIREWALL SRX1500 - JUNIPER,HZKH,A0000N,Unknown,25
ASM4022_478_05156-LF,MAN SW EX4650 48P SFP28 NO POE,LZKL,A0000N,Unknown,38
ASM4022_478_05163-LF,NAS 380F RAID-6  5.74TB UNIT,HZKH,A0000N,Unknown,0
ASM4022_478_05166-LF,NAS 380F CONTROLLER,LZKL,A0000N,Unknown,3
ASM4022_478_05309-LF,RACK AP4423A IN230V/16AOUT 8X,LZKL,A0000N,Unknown,43
ASM4022_631_85571-LF,ECAB 126TE CABLE SHIELD TOP,E0405,A0000N,Unknown,0
ASM4022_634_06481-LF,EXT ESD CLEANROOM PCA PACKAGE2,LZKL,A0000N,Unknown,0
ASM4022_634_44541-LF,PSDC 630/44R 6HE 32TE,HZKH,A0000N,Unknown,0
ASM4022_634_69031-LF,NXT WS MK4I CB CONNECT C1 PCA,E0902,A0000N,Unknown,12
ASM4022_634_69051-LF,NXT WS MK4I CB CONNECT C2 PCA,E0802,A0000N,Unknown,11
ASM4022_634_79361-LF,PAAC 550/25/5 ASSY,HZKH,A0000N,Unknown,27
ASM4022_634_86471-LF,NXT WS MK5I CB CONNECT C2 PCA,HZKH,A0000N,Unknown,26
ASM4022_634_88391-M40,ARTIC GENERIC HOST BRD PCA,F1501,A0000N,Unknown,0
ASM4022_634_89402-LF,EXE WS MODULE RACK BP PCA,E0304,A0000N,Unknown,37
ASM4022_636_28492-LF,MSMR-MECA EMC TOP COVER,F0704,A0000N,Unknown,3
ASM4022_636_28501-LF,MSMR-MECA EMC BOTTOM COVER,F0704,A0000N,Unknown,3
ASM4022_636_31621-LF,SHB MDRC TOP COVER ASSY,I1501,A0000N,Unknown,1
ASM4022_636_33291-LF,MDRC SHB MNTNG PLATE LEFT,HZKH,A0000N,Unknown,0
ASM4022_636_65421-LF,2D INTERFACE BOTTOM,E1603,A0000N,Unknown,15
ASM4022_636_65791-LF,MDRC CBB MECH,EZKE,A0000N,Unknown,0
ASM4022_636_85861-LF,MSMR-MECA FRONT PLATE ASSY,F0804,A0000N,Unknown,3
ASM4022_636_87272-LF,RH CONTROL RACK SUB ASSY,HZKH,A0000N,Unknown,24
ASM4022_636_87822-LF,RH SMCB RAIL SUPPORT,F0602,A0000N,Unknown,33
ASM4022_636_88282-LF,WH NXE VRPR COVER PLATE,EZKE,A0000N,Unknown,27
ASM4022_636_98632-LF,ILSB4 BOX,H0302,A0000N,Unknown,14
ASM4022_640_25942-LF,WH NXE MPAC BRKBOX BOX1,E0602,A0000N,Unknown,7
ASM4022_640_27022-LF,RH SMCB FRONT PLATE,F0702,A0000N,Unknown,33
ASM4022_640_27031-LF,RH SMCB BACK PLATE,F0002,A0000N,Unknown,0
ASM4022_640_27042-LF,RH SMCB COVER PLATE TOP,F0801,A0000N,Unknown,33
ASM4022_640_27052-LF,RH SMCB COVER PLATE BOTTOM,F1601,A0000N,Unknown,33
ASM4022_640_30641-LF,HIPA COVER WELD ASSY,D0301,A0000N,Unknown,0
ASM4022_640_48841-LF,BLIND PANEL 1HE/126TE,F0904,A0000N,Unknown,25
ASM4022_640_49071-LF,BLIND PANEL 4HE/126TE,F0904,A0000N,Unknown,24
ASM4022_640_60571-LF,MDRC TOP CB COVER,F1002,A0000N,Unknown,0
ASM4022_640_82613-LF,NXE3350_EU-MAINS CONN BOX TOP,HZKH,A0000N,Unknown,2
ASM4022_640_82622-LF,NXE3350_EU-MAINS CONN BOX MID,HZKH,A0000N,Unknown,2
ASM4022_640_82632-LF,NXE3350_EU-MAINS CONN BOX BOT,EZKE,A0000N,Unknown,1
ASM4022_640_89302-LF,MDRC BACK PLATE MECH ASSY,EZKE,A0000N,Unknown,0
ASM4022_640_89451-LF,MDRC BOTTOM PLATE,HZKH,A0000N,Unknown,0
ASM4022_640_89503-LF,MDRC OP. INTERF. PANEL,D1402,A0000N,Unknown,0
ASM4022_640_90731-LF,MDRC TOP CBB MNT PLATE,G0502,A0000N,Unknown,0
ASM4022_640_90741-LF,MDRC TOP CB COVER 2,J0402,A0000N,Unknown,0
ASM4022_640_90752-LF,MDRC TOP CB COVER 1,J0502,A0000N,Unknown,0
ASM4022_640_91181-LF,MDRC OP. INTERF. PANEL COVER,D1502,A0000N,Unknown,0
ASM4022_640_94492-LF,TFDB BOX,EZKE,A0000N,Unknown,36
ASM4022_640_94501-LF,TFDB COVER,E0801,A0000N,Unknown,37
ASM4022_640_94671-LF,MDRC BOTTOM PLATE COVER,E1105,A0000N,Unknown,0
ASM4022_645_13052-LF,SHB-MDRC-PLC-MK3.1 TA,HZKH,A0000N,Unknown,0
ASM4022_645_58391-P,SERVICE INT UNIT TA,G1004,A0000N,Unknown,16
ASM4022_645_58661-LF,BLISTER PACKAGING 6HE 4-8TE,EZKE,A0000N,Unknown,27
ASM4022_645_66411-LF,MDRC NXT3 CLEAN ASSY,K0402,A0000N,Unknown,0
ASM4022_645_73832-LF,DCDB TRANSPORT ASSY,HZKH,A0000N,Unknown,26
ASM4022_646_00941-LF,MDRC FRONT COVER PLATE MIDDLE,F1605,A0000N,Unknown,0
ASM4022_646_12831-LF,MDRC BOTTOM PLATE COVER,LZKL,A0000N,Unknown,0
ASM4022_646_17191-LF,DGLB BASE,E1001,A0000N,Unknown,9
ASM4022_646_17201-LF,DGLB COVER,E0702,A0000N,Unknown,8
ASM4022_646_17711-LF,SHB-BR BOX ASSY,F0402,A0000N,Unknown,5
ASM4022_646_18091-LF,SHB-BR COVER ASSY,F0502,A0000N,Unknown,5
ASM4022_646_18721-LF,MMEB FRONT INTERFACE MONO,G2001,A0000N,Unknown,7
ASM4022_646_21031-LF,SIU-COVER,F1102,A0000N,Unknown,6
ASM4022_646_22271-LF,SIU-BOX-ASSY,F1202,A0000N,Unknown,6
ASM4022_646_37241-LF,MON/KEYB DRAWER 19IN MK2 MONO,F1201,A0000N,Unknown,0
ASM4022_646_75511-LF,HIPA MKII BOTTOM PLATE,D0302,A0000N,Unknown,0
ASM4022_646_78723-P,NXT3_MDRC CBB ASSY,HZKH,A0000N,Unknown,0
ASM4022_646_78922-LF,MDRC CONNECTOR PLATE MONO,EZKE,A0000N,Unknown,0
ASM4022_646_79032-LF,MDRC BACK PLATE MECH ASSY,EZKE,A0000N,Unknown,0
ASM4022_646_80353-LF,MDRC CBT MECH,I1602,A0000N,Unknown,0
ASM4022_646_81881-LF,WTC NXE CTRL BRACKET,F0701,A0000N,Unknown,5
ASM4022_646_83382-LF,DCDB CONNECTORPLATE,G1201,A0000N,Unknown,26
ASM4022_646_98702-LF,MDRC CONN PLATE,EZKE,A0000N,Unknown,0
ASM4022_651_83902-LF,NXT WS MK4I R-PCA TOOL ASSY,E1803,A0000N,Unknown,12
ASM4022_654_02681-LF,MDRC OPERATING INTERFACE PANEL,HZKH,A0000N,Unknown,15
ASM4022_654_15081-LF,MDRC SHB FAN PLATE,LZKL,A0000N,Unknown,0
ASM4022_654_46671-LF,WTC NXE CTRL BOX,D0602,A0000N,Unknown,5
ASM4022_654_72652-LF,SR GV REMOTE CTRL BOX,F1402,A0000N,Unknown,1
ASM4022_654_72661-LF,SR GV REMOTE CTRL COVER,F1502,A0000N,Unknown,1
ASM4022_654_73002-LF,COMPUTER SYSTEMS SERVICE ASSY,LZKL,A0000N,Unknown,4
ASM4022_654_93431-LF,SHB-EIM-BOX-ASSY,F0503,A0000N,Unknown,1
ASM4022_654_95932-LF,TCMA TOP PLATE,HZKH,A0000N,Unknown,48
ASM4022_654_95952-LF,TCMA BOTTOM PLATE,G0801,A0000N,Unknown,49
ASM4022_658_23512-LF,POWER DISTR UNIT S3 CLEAN ASSY,K0301,A0000N,Unknown,0
ASM4022_658_31251-LF,NXE SR CONPEARL BOX 800X600 TA,LZKL,A0000N,Unknown,6
ASM4022_658_31261-LF,NXE SR CONPEARL BOX 800X600 CA,J0702,A0000N,Unknown,0
ASM4022_658_54981-LF,STD CLEAN RAKO 600X400X233,HZKH,A0000N,Unknown,10
ASM4022_658_58531-LF,STD CARDB BOX 605X405X240-MD,LZKL,A0000N,Unknown,0
ASM4022_658_58561-LF,STD CARDB BOX 810X610X240-MD,LZKL,A0000N,Unknown,0
ASM4022_658_59151-LF,STD LDPE FLAT BAG 900X1150,K0402,A0000N,Unknown,2
ASM4022_658_59191-LF,SHIELD BAG 390X490 (B) TAPED,K0803,A0000N,Unknown,0
ASM4022_658_59861-LF,CARDB BOX 717X517X365,LZKL,A0000N,Unknown,0
ASM4022_658_61061-LF,STD PALLET BOX SMALL LOW (KL),HZKH,A0000N,Unknown,22
ASM4022_658_61161-LF,PAPERBOX CUSHION LIGHTWEIGHT,J0702,A0000N,Unknown,0
ASM4022_658_61901-LF,COLA TOOL SET TA,HZKH,A0000N,Unknown,2
ASM4022_658_62011-LF,STD PABOX LL,HZKH,A0000N,Unknown,0
ASM4022_658_62101-LF,STD PALLET BOX SMALL HIGH (KH),G0903,A0000N,Unknown,0
ASM4022_658_62121-LF,STD PALLET BOX MED. HIGH (LH),LZKL,A0000N,Unknown,13
ASM4022_658_62141-LF,BOTTOM SHEET (PE) 950X800 FT,LZKL,A0000N,Unknown,0
ASM4022_658_62151-LF,BOTTOM SHEET (PE) 1350X1000 FT,E0001,A0000N,Unknown,86
ASM4022_658_62181-LF,STD CLEAN RAKO 800X600X233,HZKH,A0000N,Unknown,2
ASM4022_658_67591-LF,LDPE 1100X700X450 (LL),D0702,A0000N,Unknown,0
ASM4022_658_76501-LF,STD CARDB BOX (E-XL),EZKE,A0000N,Unknown,4
ASM4022_658_76511-LF,STD CARDB FIX (E-XL),EZKE,A0000N,Unknown,4
ASM4022_664_13031-LF,MDRC FRONT COVER PLATE BOTTOM,I2001,A0000N,Unknown,0
ASM4022_664_33471-LF,SHB-MD TOP COVER ASSY,HZKH,A0000N,Unknown,0
ASM4022_664_78543-LF,NXT WS MK5I CONN PCA TOOL ASSY,EZKE,A0000N,Unknown,52
ASM4022_668_02663-P,NXE MDRC CBT ASSY,LZKL,A0000N,Unknown,0
ASM4022_668_03012-LF,MDRC CBTA FRONT PLATE ASSY,F0204,A0000N,Unknown,0
ASM4022_668_09232-LF,PORTSERVER TS 16-PORT MEI,HZKH,A0000N,Unknown,24
ASM4022_668_20902-P,PDU MK2.1 SRC GENERIC ASSY,EZKE,A0000N,Unknown,0
ASM4022_668_29531-LF,NXE LA DL WLSU BOX,HZKH,A0000N,Unknown,22
ASM4022_668_49031-LF,NXE FF HGSB FRONT,F1303,A0000N,Unknown,8
ASM4022_668_49874-LF,DEIB REAR PANEL,D0403,A0000N,Unknown,0
ASM4022_668_49903-LF,DEIB BOTTOM PLATE,D0703,A0000N,Unknown,0
ASM4022_668_49913-LF,DEIB TOP,D0703,A0000N,Unknown,0
ASM4022_668_69031-LF,KVM DRAWER MK2 SUBASSY,EZKE,A0000N,Unknown,45
ASM4022_668_74682-LF,SR FT REMOTE I/O COVER,F0603,A0000N,Unknown,6
ASM4022_668_74691-LF,SR FT REMOTE I/O BOX,F0703,A0000N,Unknown,5
ASM4022_668_80552-LF,MDSU TOP COVER WLDA,EZKE,A0000N,Unknown,23
ASM4022_668_80562-LF,MDSU BOTTOM COVER WLDA,EZKE,A0000N,Unknown,26
ASM4022_671_02951-LF,MOU MK2 DX1 ASSY,HZKH,A0000N,Unknown,82
ASM4022_671_23222-LF,TCMA ADDITIONAL HEATSINK PLATE,F1001,A0000N,Unknown,42
ASM4022_671_87112-LF,WH PAS WHR ETHERNET BOX ASSY,A0903,A0000N,Unknown,0
ASM4022_671_89611-LF,NXE SR TFDB MECH RACK,LZKL,A0000N,Unknown,2
ASM4022_671_98702-LF,NXE SR TFDB BRACKET ASSY,LZKL,A0000N,Unknown,2
ASM4022_673_84912-LF,DC SUB ASSY PCB FRAME,HZKH,A0000N,Unknown,4
ASM4022_677_24795-P,PDU PANEL1 WIRE SET,EZKE,A0000N,Unknown,43
ASM4022_677_24811-P,PDU CP2 WIRE SET,F0202,A0000N,Unknown,23
ASM4022_677_24832-P,PDU MK2.3 PANEL2 WIRE SET,F0002,A0000N,Unknown,0
ASM4022_677_24852-P,WIRE LIST_PDU CP3 WIRE SET,F0302,A0000N,Unknown,23
ASM4022_677_24871-P,WIRE SET PDU MK2.3 PANEL3,F0202,A0000N,Unknown,42
ASM4022_677_25082-P,PDU MK2.3 PANEL4 WIRE SET,D1002,A0000N,Unknown,41
ASM4022_677_25113-LF,PDU MECH FRAME,EZKE,A0000N,Unknown,0
ASM4022_677_25151-P,WIRE SET PDU MK2.1,G0503,A0000N,Unknown,43
ASM4022_677_26242-LF,RACK MOUNT SERVER X86 MK1,LZKL,A0000N,Unknown,51
ASM4022_677_33031-LF,ILL GUIDE RAIL SUPPORT,F1204,A0000N,Unknown,10
ASM4022_677_44512-LF,PDU PANEL1 HMI MECH SET,EZKE,A0000N,Unknown,40
ASM4022_677_44523-LF,PDU PANEL1 MECH SET,EZKE,A0000N,Unknown,43
ASM4022_677_47613-LF,PDU FEEDER CONTROL MECH ASSY,HZKH,A0000N,Unknown,25
ASM4022_677_47632-LF,PDU CP1 PLATE ASSY,EZKE,A0000N,Unknown,30
ASM4022_677_48054-LF,EXE SH SSHB1,EZKE,A0000N,Unknown,4
ASM4022_677_61781-LF,PDU PANEL2 MECH ASSY,EZKE,A0000N,Unknown,43
ASM4022_677_61792-LF,PDU CP2 PLATE,E1505,A0000N,Unknown,21
ASM4022_677_61962-LF,PDU CP3 PLATE,E1605,A0000N,Unknown,24
ASM4022_677_61972-LF,PDU CP4 PLATE,E1705,A0000N,Unknown,21
ASM4022_677_61981-LF,PDU BASEMENT PLATE MECH SET,E1305,A0000N,Unknown,27
ASM4022_677_63001-LF,HEX SF 900MM,EZKE,A0000N,Unknown,95
ASM4022_677_81082-LF,IL FRONT PLATE-1 ASSY,F1304,A0000N,Unknown,10
ASM4022_677_81111-LF,IL BACK PLATE ASSY,F1304,A0000N,Unknown,10
ASM4022_677_84351-LF,PDU PANEL3 MECH ASSY,EZKE,A0000N,Unknown,42
ASM4022_677_85321-LF,VS EXE RRIB COVER PANEL ASSY,G1802,A0000N,Unknown,0
ASM4022_679_11073-LF,EXE EL BOFC OICC TA,EZKE,A0000N,Unknown,3
ASM4022_679_42581-LF,NXE S3MV TFDB TA,EZKE,A0000N,Unknown,2
ASM4022_679_42591-LF,CLEAN ASSY EXE EL CCFC1+2,E1301,A0000N,Unknown,127
ASM4022_679_43881-LF,NXE S3MV TFDB SA,EZKE,A0000N,Unknown,2
ASM4022_682_04422-V91,SIOB5 MK2 GBSL PPCA,HZKH,A0000N,Unknown,35
ASM4022_682_04441-V91,SIOB5 MK2 SSRL PPCA,EZKE,A0000N,Unknown,37
ASM4022_682_15832-P,FFCR BP PCA,G1802,A0000N,Unknown,9
ASM4022_682_25201-LF,SIX AXIS PWR AMP3.1(SAPA) PPCA,F1701,A0000N,Unknown,63
ASM4022_682_43151-LF,EXE WS BM2BF MOT X INT PCA,H0902,A0000N,Unknown,15
ASM4022_682_55301-LF,NXT WS MK6 CB CONNECT C2 PCA,H0202,A0000N,Unknown,7
ASM4022_685_13673-LF,DCUR TOP COVER PLATE,F1903,A0000N,Unknown,2
ASM4022_685_22093-LF,EXE EL OICC ECHAIN ASSY,EZKE,A0000N,Unknown,1
ASM4022_685_25431-LF,MSMR-MECA CONNECTOR PLATE,F0804,A0000N,Unknown,2
ASM4022_685_71035-LF,SHB MDRC BOX ASSY,HZKH,A0000N,Unknown,0
ASM4022_685_71062-LF,SHB MDRC TOP COVER ASSY,HZKH,A0000N,Unknown,5
ASM4022_685_71063-LF,SHB MDRC TOP COVER ASSY,HZKH,A0000N,Unknown,35
ASM4022_685_73691-LF,MD BTM PLT WLD ASSY,D1103,A0000N,Unknown,12
ASM4022_685_73711-LF,MD TOP PLT WLD ASSY,D1203,A0000N,Unknown,12
ASM4022_685_83283-LF,IL MIRROR HEATING CONTROL RACK,HZKH,A0000N,Unknown,5
ASM4022_690_09851-LF,DY ETHERCAT SM HOUSING ASSY,H0901,A0000N,Unknown,45
ASM4022_693_18472-LF,MDBB COVER ASSY,F1103,A0000N,Unknown,35
ASM4022_693_29051-LF,HSEC3 BASEFRAME SIDE PROT2,E1002,A0000N,Unknown,3
ASM4022_693_29091-LF,HSEC3 BOTTOM PLATE,E1102,A0000N,Unknown,3
ASM4022_693_41173-LF,MDBB5 BOX ASSY,E1004,A0000N,Unknown,12
ASM4022_693_41203-LF,MDBB6 BOX ASSY,E1005,A0000N,Unknown,12
ASM4022_693_41243-LF,MDBB7 BOX ASSY,E0502,A0000N,Unknown,12
ASM4022_693_49403-LF,TDSU TOP PLATE ASSY,F1004,A0000N,Unknown,4
ASM4022_693_49413-LF,TDSU BOTTOM PLATE ASSY,F0705,A0000N,Unknown,4
ASM4022_693_57262-LF,MD ASSR1 REAR PLT WLD ASSY,D1703,A0000N,Unknown,12
ASM4022_693_57282-LF,MD ASSR REAR TOP RIB ASSY,D1303,A0000N,Unknown,35
ASM4022_693_57302-LF,MD ASSR REAR BTM RIB ASSY,D1403,A0000N,Unknown,35
ASM4022_693_57322-LF,MD ASSR FNT TOP RIB ASSY,G1203,A0000N,Unknown,8
ASM4022_693_57342-LF,MD ASSR FNT BTM RIB ASSY,F1203,A0000N,Unknown,8
ASM4022_693_66271-LF,EXT FRAME W300 D300,EZKE,A0000N,Unknown,90
ASM4022_693_66414-LF,EXE EL CCFC2 CP1 PLATE,D1104,A0000N,Unknown,44
ASM4022_693_70473-LF,MGSU1 FRONT PLATE BUSH,D0903,A0000N,Unknown,10
ASM4022_693_70483-LF,MGSU1 REAR PLATE BUSH,F1405,A0000N,Unknown,10
ASM4022_693_70991-LF,SR EI HSEC AIR INLET PANEL,E1202,A0000N,Unknown,3
ASM4022_693_72293-LF,CCSU2 REAR PLATE BUSH,D1303,A0000N,Unknown,24
ASM4022_693_73221-LF,EXE EL FSM REAR SUPPORT BRKT,D0804,A0000N,Unknown,5
ASM4022_693_75502-LF,OICC CABINET FRAME,EZKE,A0000N,Unknown,1
ASM4022_693_79691-LF,THIN CLIENT POWER SUPPLY UNIT,E1202,A0000N,Unknown,41
ASM4022_693_79722-LF,BESU1 FRONT PLATE BUSH,F1104,A0000N,Unknown,9
ASM4022_693_79733-LF,BESU1 REAR PLATE BUSH,F2003,A0000N,Unknown,9
ASM4022_693_82293-LF,BOFC CABINET FRAME,EZKE,A0000N,Unknown,2
ASM4022_693_82323-LF,ENCLOSURE BOX WELD ASSY,J1901,A0000N,Unknown,2
ASM4022_693_84302-LF,MD AOIR REAR PLT WLD ASSY,F1504,A0000N,Unknown,5
ASM4022_693_84342-LF,MD AOIR REAR BTM RIB ASSY,F1604,A0000N,Unknown,5
ASM4022_693_84361-LF,MD AOIR REAR TOP RIB ASSY,F1704,A0000N,Unknown,2
ASM4022_693_84541-LF,CAB BOTTOM BLOCK ASSY,H0101,A0000N,Unknown,93
ASM4022_693_91051-LF,MD AOIR BTM PLT WLD ASSY,F1704,A0000N,Unknown,2
ASM4022_693_91071-LF,MD AOIR TOP PLT WLD ASSY,F1804,A0000N,Unknown,2
ASM4022_693_91242-LF,MD ASSR2 REAR PLT WLD ASSY,D1803,A0000N,Unknown,12
ASM4022_693_91282-LF,MD ASSR3 REAR PLT WLD ASSY,D1903,A0000N,Unknown,4
ASM4022_693_91322-LF,MD ASSR4 REAR PLT WLD ASSY,D2003,A0000N,Unknown,4
ASM4022_693_91482-LF,MD ASCR1 REAR PLT WELD ASSY,E0305,A0000N,Unknown,8
ASM4022_693_91502-LF,MD SCR1 REAR TOP RIB ASSY,E0404,A0000N,Unknown,8
ASM4022_693_91522-LF,MD SCR1 REAR BTM RIB ASSY,E0405,A0000N,Unknown,8
ASM4022_693_91542-LF,MD SCR1 FNT TOP RIB ASSY,E0405,A0000N,Unknown,8
ASM4022_693_93532-LF,TASU FRAME,E1405,A0000N,Unknown,1
ASM4022_693_93804-LF,DSCR BOTTOM PLATE ASSY,G1801,A0000N,Unknown,3
ASM4022_693_95042-LF,FTSU FRONT PLATE BUSH,G1202,A0000N,Unknown,2
ASM4022_693_97772-LF,DSCR TOP PLATE ASSY,D0601,A0000N,Unknown,3
ASM4022_693_99841-LF,EXE SUBFAB FLOW BTM 126TE ASSY,D0804,A0000N,Unknown,5
ASM4022_693_99902-LF,MD SCR1 FNT BTM RIB ASSY,E0405,A0000N,Unknown,8
ASM4022_694_01211-LF,ILSR SIDE WALL 9HE L,F1404,A0000N,Unknown,10
ASM4022_694_01221-LF,ILSR SIDE WALL 9HE R,F1404,A0000N,Unknown,10
ASM4022_694_01232-LF,ILSR COVER PLATE,D0304,A0000N,Unknown,10
ASM4022_694_16323-LF,DCUR SIDE WALL 9HE R,D0603,A0000N,Unknown,2
ASM4022_694_16731-LF,EXE CARM FLOW PLATE MONO,E1805,A0000N,Unknown,8
ASM4022_694_16971-LF,SR EI FLOW BLOCKER 1HE ASSY,LZKL,A0000N,Unknown,38
ASM4022_694_18511-LF,DCUR BOTTOM COVER PLATE,E0204,A0000N,Unknown,2
ASM4022_694_18653-LF,DCUR SIDE WALL 9HE L,F2103,A0000N,Unknown,2
ASM4022_694_28821-LF,WPMR BOTTOM PLATE POM,E0903,A0000N,Unknown,0
ASM4022_694_34331-LF,BOFC ECHAIN LIFT BRKT,E1801,A0000N,Unknown,2
ASM4022_694_36701-LF,MOU MK2 HOUSING,HZKH,A0000N,Unknown,86
ASM4022_694_36922-LF,BOFC OICC BUNDLE TOOL BRKT,E1501,A0000N,Unknown,3
ASM4022_694_37761-LF,MD BOTTOM BP,E0804,A0000N,Unknown,3
ASM4022_694_41771-LF,MD SCR2 REAR TOP RIB ASSY,E0605,A0000N,Unknown,2
ASM4022_694_41791-LF,MD SCR2 REAR BTM RIB ASSY,E0605,A0000N,Unknown,2
ASM4022_694_41811-LF,MD SCR2 FNT TOP RIB ASSY,E0605,A0000N,Unknown,2
ASM4022_694_41831-LF,MD SCR2 FNT BTM RIB ASSY,E0605,A0000N,Unknown,2
ASM4022_694_42082-LF,STANDING PLATFORM WELD ASSY,E1502,A0000N,Unknown,2
ASM4022_694_43721-LF,TOP CONNECTION PLATE 2 IP-SEAL,HZKH,A0000N,Unknown,1
ASM4022_694_43722-LF,TOP CONNECTION PLATE 2 IP-SEAL,H1401,A0000N,Unknown,6
ASM4022_694_44911-LF,SHB CBL BRKT WA,E0904,A0000N,Unknown,3
ASM4022_694_45261-LF,MD CAB SMI CAGE WA,E1004,A0000N,Unknown,3
ASM4022_694_46953-LF,DOOR BLIND PLATE WA,D1202,A0000N,Unknown,7
ASM4022_694_47122-LF,FGRB BACKPLATE ASSY,E0005,A0000N,Unknown,17
ASM4022_694_47312-LF,FRONT TOP HORZ BP WA,E1104,A0000N,Unknown,7
ASM4022_694_47321-LF,FRONT TOP BLIND PLATE S,D1101,A0000N,Unknown,3
ASM4022_694_49371-LF,BUSBAR MP SA,E1204,A0000N,Unknown,3
ASM4022_694_49381-LF,COPPER BUSBAR 15X10 L 635MM,E0604,A0000N,Unknown,3
ASM4022_694_49951-LF,COPPER BUSBAR 15X10 L 680MM,E0604,A0000N,Unknown,3
ASM4022_694_51112-LF,AMDC RPS BRACKET R SA,D1301,A0000N,Unknown,7
ASM4022_694_51431-LF,ASCR CBL BRKT,E1304,A0000N,Unknown,3
ASM4022_694_51441-LF,TOP CBL BRKT,E1304,A0000N,Unknown,3
ASM4022_694_52212-LF,RIGHT REAR MP SA,D1401,A0000N,Unknown,7
ASM4022_694_53361-LF,COPPER BUSBAR 15X10 L 914MM,E0604,A0000N,Unknown,3
ASM4022_694_53392-LF,SPD BRACKET SA,E1404,A0000N,Unknown,7
ASM4022_694_53462-LF,LEFT REAR MP SA,D1501,A0000N,Unknown,7
ASM4022_694_54792-LF,FGRB FRONTPLATE WELD ASSY,E0105,A0000N,Unknown,17
ASM4022_694_55392-LF,OICC ENCLOSURE BOX WELD ASSY,E1901,A0000N,Unknown,1
ASM4022_694_58732-LF,EXE MD ODSU REAR PLATE BUSH,E0205,A0000N,Unknown,3
ASM4022_694_58992-LF,AMDC1 HIP TCP SA,E1804,A0000N,Unknown,4
ASM4022_694_59042-LF,AMDC1 LIP TCP WA,G1202,A0000N,Unknown,0
ASM4022_694_59043-LF,AMDC1 LIP TCP WA,E1904,A0000N,Unknown,4
ASM4022_694_69351-LF,6HE-42TE REDU WELD ASSY,D0904,A0000N,Unknown,5
ASM4022_694_70651-LF,OICC ECHAIN LIFT BRKT,E2001,A0000N,Unknown,1
ASM4022_694_77932-LF,FLOW DUCT 342MM PLATE ASSY,G0503,A0000N,Unknown,1
ASM4022_694_78782-LF,OICC SEISMIC MOUNT BRKT ASSY,E2002,A0000N,Unknown,3
ASM4022_694_82482-LF,OICC STANDING PLATFORM WELD AS,E1802,A0000N,Unknown,1
ASM4022_694_84622-LF,ACR BACK PLATE,F0704,A0000N,Unknown,0
ASM4022_694_88631-LF,GUTTER W40 H1800,LZKL,A0000N,Unknown,44
ASM4022_697_00693-LF,EXE WSMR BOTTOM PLATE,D1204,A0000N,Unknown,37
ASM4022_698_02502-LF,EXE EL CCFC2 CP3 PRESS ASSY,F0803,A0000N,Unknown,44
ASM4022_698_02851-LF,EXE EI GUIDE FRAME,HZKH,A0000N,Unknown,14
ASM4022_698_03043-LF,REAR PROTECTION ASSY TOP SA,E1604,A0000N,Unknown,7
ASM4022_698_05171-LF,RH NXE CONTROL CAB DOOR,EZKE,A0000N,Unknown,0
ASM4022_698_07921-LF,NXE FF EEDR ASSY MK4.1,EZKE,A0000N,Unknown,40
ASM4022_698_08151-LF,FLOW DUCT 290MM BTM PLATE ASSY,E1902,A0000N,Unknown,1
ASM4022_698_08182-LF,FLOW DUCT 415MM BTM PLATE ASSY,E2002,A0000N,Unknown,1
ASM4022_698_12883-LF,FF FB FW EEDR SERC2CP1 CBL,E0703,A0000N,Unknown,38
ASM4022_698_12903-LF,FF CS FB RW2 EEDR SERC2CP1 CBL,E0903,A0000N,Unknown,38
ASM4022_698_12913-LF,FF CS FB RW1 EEDR SERC2CP1 CBL,E0703,A0000N,Unknown,38
ASM4022_698_12923-LF,FF CS RB RW2 EEDR SERC2CP1 CBL,E0603,A0000N,Unknown,38
ASM4022_698_26341-LF,MDRC TOP CB COVER 1,J0602,A0000N,Unknown,0
ASM4022_698_26432-LF,BLIND PLATE 126TE 2HE TOP V2,E0704,A0000N,Unknown,5
ASM4022_698_29023-LF,EL OIMC CP PRESS ASSY,H0802,A0000N,Unknown,5
ASM4022_698_44962-LF,SHB-BL MK2.0 BOX,J0402,A0000N,Unknown,1
ASM4022_698_45022-LF,SHB-BL MK2.0 RIGHT COVER WELD,F1803,A0000N,Unknown,1
ASM4022_698_48251-LF,NXE SMCB-RH BACK PLATE ASSY,G2002,A0000N,Unknown,33
ASM4022_698_50283-LF,SIU ENCL TOP PLT ASSY,F1702,A0000N,Unknown,14
ASM4022_698_50302-LF,MDRC CBBA FRONT COVER ASSY,F2104,A0000N,Unknown,0
ASM4022_698_50331-LF,MDRC FRONT COVER PLATE MIDDLE,F1605,A0000N,Unknown,0
ASM4022_698_50352-LF,MDRC CBTA FRONT PLATE ASSY,F1705,A0000N,Unknown,0
ASM4022_698_50402-LF,MDRC SHB FAN PLATE,H0501,A0000N,Unknown,0
ASM4022_698_57051-LF,DOOR BLIND PLATE ASSY IP-SEAL,E1704,A0000N,Unknown,1
ASM4022_698_57052-LF,DOOR BLIND PLATE ASSY IP-SEAL,E0003,A0000N,Unknown,6
ASM4022_698_73532-LF,MDRC SHB MNTNG BRACKET RIGHT,G2002,A0000N,Unknown,0
ASM4022_698_75532-LF,MDRC TOP CBB MNT PLATE,D1202,A0000N,Unknown,0
ASM4022_698_79422-LF,MD 400V TCBA CBTA CBL,J2002,A0000N,Unknown,0
ASM4022_698_83331-LF,BAYING COVER L 900MM,F0304,A0000N,Unknown,5
ASM4022_698_85502-LF,MDRC TOP CBF MNT PLATE,D1004,A0000N,Unknown,0
ASM4022_698_92981-LF,AMDC MID PLATE SA,D1801,A0000N,Unknown,7
ASM4022_704_01082-LF,NXE/EXE SR HSSU FRNT PLT ASSY,E1802,A0000N,Unknown,28
ASM4022_704_01111-LF,NXE/EXE SR HSSU SHT BASE ASSY,E0804,A0000N,Unknown,27
ASM4022_704_04243-LF,NXE3800 SERC2 CP2 BASE-ASSY,G0002,A0000N,Unknown,38
ASM4022_704_05501-LF,VS FEDB WELD ASSY BOX,HZKH,A0000N,Unknown,4
ASM4022_704_05781-LF,VS FEDB COVER,HZKH,A0000N,Unknown,4
ASM4022_704_07651-LF,BASE FRAME SC MECH ASSY,E1601,A0000N,Unknown,3
ASM4022_704_21131-LF,CABLE PARKING TOOL WELD ASSY,EZKE,A0000N,Unknown,3
ASM4022_704_24331-LF,WS CONNECTORPLATE ASSY,E1502,A0000N,Unknown,37
ASM4022_704_24591-LF,EXE WSMR BACK PLATE ASSY,D0204,A0000N,Unknown,37
ASM4022_704_27791-LF,WS AIR INLET WELD ASSY,E1302,A0000N,Unknown,37
ASM4022_704_30681-LF,ENCLOSURE MOA WELD ASSY,D1001,A0000N,Unknown,3
ASM4022_704_32671-LF,LOAD SENSOR CONN BOX,LZKL,A0000N,Unknown,0
ASM4022_704_33941-LF,EI EMCB-T CONN BOX PE CBL ASSY,EZKE,A0000N,Unknown,10
ASM4022_704_33952-LF,EI EMCB-B CONN BOX PE CBL ASSY,HZKH,A0000N,Unknown,18
ASM4022_704_34291-LF,BASU1 REAR PLATE NUT,D0602,A0000N,Unknown,3
ASM4022_704_34321-LF,BASU1 FRONT PLATE NUT,E1402,A0000N,Unknown,3
ASM4022_704_34531-LF,BASU2 REAR PLATE NUT,D0801,A0000N,Unknown,3
ASM4022_704_34551-LF,BASU2 FRONT PLATE NUT,H0602,A0000N,Unknown,3
ASM4022_704_68272-LF,CAB TOP COVER 84TE MONO,H0002,A0000N,Unknown,44
ASM4022_704_68531-LF,AMDC SIDE BRACKET SA RH,LZKL,A0000N,Unknown,7
ASM4022_704_68561-LF,AMDC SIDE BRACKET SA LH,LZKL,A0000N,Unknown,7
ASM4022_704_74891-LF,MD AOIR FNT PLT ASSY,F1604,A0000N,Unknown,5
ASM4022_704_74921-LF,MD ASCR1 FNT PLT ASSY,E0305,A0000N,Unknown,8
ASM4022_704_74941-LF,MD ASCR2 FNT PLT ASSY,E0505,A0000N,Unknown,8
ASM4022_704_74961-LF,MD ASSR1 FNT PLT ASSY,D1703,A0000N,Unknown,12
ASM4022_704_75041-LF,MD ASSR2 FNT PLT ASSY,D1803,A0000N,Unknown,12
ASM4022_704_75061-LF,MD ASSR3 FNT PLT ASSY,D1903,A0000N,Unknown,4
ASM4022_704_75081-LF,MD ASSR4 FNT PLT ASSY,D2003,A0000N,Unknown,4
ASM4022_704_75921-LF,CBT GUIDE ASSY,D0701,A0000N,Unknown,11
ASM4022_704_77901-LF,TRAFO MOUNTING PLATE WA MK2,D1002,A0000N,Unknown,7
ASM4022_704_78132-LF,MD AOIR MID FLANGE ASSY,G1303,A0000N,Unknown,6
ASM4022_704_81251-LF,AMDC RPS LO S MK2,E2004,A0000N,Unknown,7
ASM4022_704_81541-LF,AMDC RPS BRACKET L SA,D1201,A0000N,Unknown,7
ASM4022_704_94141-LF,CFTB 126TE-1HE DOWNFLOW,EZKE,A0000N,Unknown,5
ASM4022_704_94151-LF,CFTB 84TE-2HE DOWNFLOW,EZKE,A0000N,Unknown,60
ASM4022_704_94161-LF,FADU 126TE-2HE DOWNFLOW,EZKE,A0000N,Unknown,8
ASM4022_704_94171-LF,TADU 126TE-1HE UPFLOW,EZKE,A0000N,Unknown,7
ASM4022_704_94181-LF,TADU 84TE-1HE DOWNFLOW,EZKE,A0000N,Unknown,62
ASM4022_704_94191-LF,CCDB 84TE-1HE REARFLOW,EZKE,A0000N,Unknown,49
ASM4022_704_94201-LF,CCDB 84TE-1HE DOWNFLOW,EZKE,A0000N,Unknown,12
ASM4022_706_19241-LF,EXE EL BOFC OICC CA,H0601,A0000N,Unknown,3
ASM4022_711_03601-LF,HRIB COVER ASSY,EZKE,A0000N,Unknown,0
ASM4022_711_10101-LF,MDPC1 TOP CONNECTOR PLATE SEAL,F1904,A0000N,Unknown,46
ASM4022_711_10112-LF,MDPC1 BOTTOM ASSY,EZKE,A0000N,Unknown,43
ASM4022_711_10182-V01,MDPC1 TOP CONN PLATE SUB ASSY,E1201,A0000N,Unknown,43
ASM4022_711_10241-LF,MDPC1 TOP CONN PE RAIL,G1803,A0000N,Unknown,46
ASM4022_711_10572-LF,MDPC1 K2 BB3 BUSBAR L3,D1804,A0000N,Unknown,40
ASM4022_711_10951-LF,MDPC1 DOOR HANDLE ASSY,G0103,A0000N,Unknown,37
ASM4022_711_16011-LF,LCTU PWR CON BOX COVER,F0703,A0000N,Unknown,0
ASM4022_711_16021-LF,LCTU PWR CON BOX ASSY,F0803,A0000N,Unknown,22
ASM4022_711_19421-LF,HRIB ROOF,EZKE,A0000N,Unknown,0
ASM4022_711_21441-LF,MD F51 230V CBBA TCPA CBL,J1902,A0000N,Unknown,0
ASM4022_711_21461-LF,MD DIAG CBTA TCPA CBL,J0502,A0000N,Unknown,0
ASM4022_711_21621-LF,MD F52-1 230V CBBA TCPA CBL,J1902,A0000N,Unknown,0
ASM4022_711_21751-LF,MD F50-3 400V CBBA TCPA CBL,D0901,A0000N,Unknown,0
ASM4022_711_38021-LF,MDRC DIN RAIL LOWER ASSY,D1503,A0000N,Unknown,0
ASM4022_711_42221-LF,MDRC DIN RAIL UPPER ASSY,F1802,A0000N,Unknown,0
ASM4022_711_51171-LF,126TE STRAIN RELIEF SUPPORT,E1003,A0000N,Unknown,0
ASM4022_711_51211-LF,MDRC CBMA DIN RAIL BOT ASSY,G1302,A0000N,Unknown,0
ASM4022_711_53691-LF,CP CANOPY WELD ASSY,EZKE,A0000N,Unknown,0
ASM4022_711_53721-LF,ADAPTOR PLATE ASSY,EZKE,A0000N,Unknown,46
ASM4022_711_56351-LF,EXE SH BSHB,EZKE,A0000N,Unknown,2
ASM4022_711_85851-LF,MDPC1 BRACKET DIN 6 ASSY,G1503,A0000N,Unknown,40
ASM4022_711_85871-LF,MDPC1 BRACKET DIN 7 ASSY,G1003,A0000N,Unknown,40
ASM4022_711_86021-LF,MDPC1 BRACKET PE1 ASSY,G1003,A0000N,Unknown,43
ASM4022_711_86062-LF,MDPC1 BRACKET Q1 ASSY,E1703,A0000N,Unknown,37
ASM4022_711_86152-LF,MDPC1 BRACKET Q60 SUB ASSY,G1002,A0000N,Unknown,37
ASM4022_711_86171-LF,MDPC1 BRACKET 1Q2 SUB ASSY,G1003,A0000N,Unknown,37
ASM4022_711_86211-LF,MPDC1 BRACKET UPS LEFT ASSY,G1103,A0000N,Unknown,40
ASM4022_711_86221-LF,MDPC1 BRACKET UPS RIGHT ASSY,G1103,A0000N,Unknown,40
ASM4022_711_86301-LF,MDPC1 CABLE BRACKET 1,G1803,A0000N,Unknown,0
ASM4022_711_86322-LF,MDPC1 COVER 1 WINDOW,G1503,A0000N,Unknown,0
ASM4022_711_86325-LF,MDPC1 COVER 1 WINDOW,E0705,A0000N,Unknown,36
ASM4022_711_86331-LF,MDPC1 SIDE MOUNTING COVERS R,LZKL,A0000N,Unknown,0
ASM4022_711_86405-LF,MDPC1 COVER 8 WINDOW,E0705,A0000N,Unknown,37
ASM4022_711_86411-LF,MDPC1 AIR DIVIDER ASSY,G0803,A0000N,Unknown,37
ASM4022_711_86462-LF,MDPC1 EMC COVER 1,E1002,A0000N,Unknown,37
ASM4022_711_86472-LF,MDPC1 EMC COVER 2,G1703,A0000N,Unknown,37
ASM4022_711_86482-LF,MDPC1 EMC COVER 3,F0802,A0000N,Unknown,37
ASM4022_711_86621-LF,MDPC1 SIDE MOUNTING COVER L,LZKL,A0000N,Unknown,0
ASM4022_711_86701-LF,MDPC1 DIN RAIL L=675MM,G1803,A0000N,Unknown,119
ASM4022_711_86752-LF,MDPC1 TRANS HANDLE L = 420.5MM,F0403,A0000N,Unknown,37
ASM4022_711_90412-LF,EXE SERC2 TOP FLOW BLCK MONO,G0603,A0000N,Unknown,9
ASM4022_711_97902-LF,DCDB ENCLOSURE ASSY,D1603,A0000N,Unknown,12
ASM4022_711_99101-LF,CP CANOPY WELD ASSY,HZKH,A0000N,Unknown,46
ASM4022_711_99821-P,GENERIC SOIU MK2.0,I1902,A0000N,Unknown,3
ASM4022_712_01972-LF,GUIDE RAIL FIXED WELD ASSY,G1101,A0000N,Unknown,2
ASM4022_712_02022-LF,EXE EL BOFC ECHAIN ASSY,EZKE,A0000N,Unknown,2
ASM4022_712_03181-LF,SERC FLOWBLOCKER FRONT OPEN,F1703,A0000N,Unknown,8
ASM4022_712_07261-LF,EXE5200 SERC2 CP2 BASE-ASSY,E1702,A0000N,Unknown,9
ASM4022_712_11962-LF,OICC GUIDE RAIL-FIXED WLD ASSY,H0001,A0000N,Unknown,1
ASM4022_712_12021-LF,EXE EI GUIDE FRAME,E0402,A0000N,Unknown,3
ASM4022_712_12101-LF,BASE FRAME SLIDER ASSY,D0902,A0000N,Unknown,3
ASM4022_712_67541-P,MAN ASW 48P MK4.2 UNIT ASWU,EZKE,A0000N,Unknown,3
ASM4022_712_81061-LF,NXE3800 SERC2 CP1 BASE-ASSY,F1002,A0000N,Unknown,38
ASM4022_716_02451-LF,WIRE DUCT 30X25 1455MM,E0002,A0000N,Unknown,40
ASM4022_716_02461-LF,WIRE DUCT 80X80 1360MM,E0102,A0000N,Unknown,40
ASM4022_716_02481-LF,MDPC1 DIN RAIL HIGH 675MM,F0602,A0000N,Unknown,47
ASM4022_716_02501-LF,MDPC1 WIRE DUCT 60X40 625MM,E0102,A0000N,Unknown,43
ASM4022_716_05151-LF,48V POWER DISTRIBUTION BOX,G0202,A0000N,Unknown,3
ASM4022_716_10102-LF,MDPC1 COVER 8 SUB ASSY,G0901,A0000N,Unknown,37
ASM4022_716_10121-LF,MDPC1 COVER 7 SUB ASSY,H0502,A0000N,Unknown,37
ASM4022_716_10141-LF,MDPC1 COVER 6 SUB ASSY,F1603,A0000N,Unknown,37
ASM4022_716_10161-LF,MDPC1 COVER 5 SUB ASSY,H0602,A0000N,Unknown,37
ASM4022_716_10181-LF,MDPC1 COVER 4 SUB ASSY,G1602,A0000N,Unknown,37
ASM4022_716_10201-LF,MDPC1 COVER 3 SUB ASSY,F1603,A0000N,Unknown,37
ASM4022_716_10221-LF,MPDC1 COVER 2 SUB ASSY,G1002,A0000N,Unknown,37
ASM4022_716_10242-LF,MDPC1 COVER 1 WELD ASSY,G0601,A0000N,Unknown,36
ASM4022_716_10271-LF,MDPC1 SIDE MNTING COVER L ASSY,LZKL,A0000N,Unknown,37
ASM4022_716_10291-LF,MDPC1 SIDE MNTING COVER R ASSY,LZKL,A0000N,Unknown,37
ASM4022_716_15402-LF,MDPC1 Q1 BB2 FLEX BUSBAR N,D1704,A0000N,Unknown,40
ASM4022_716_15551-LF,WIRE DUCT 30X25 657MM,E0202,A0000N,Unknown,40
ASM4022_716_15561-LF,WIRE DUCT 40X40 657MM,E0102,A0000N,Unknown,82
ASM4022_716_15571-LF,WIRE DUCT 45X67 682MM,E0202,A0000N,Unknown,40
ASM4022_716_15581-LF,WIRE DUCT 60X25 682MM,E0102,A0000N,Unknown,42
ASM4022_716_15591-LF,WIRE DUCT 80X80 682MM,E0202,A0000N,Unknown,43
ASM4022_716_17821-P,EI EMCB-T CONN BOX PE CBL ASSY,EZKE,A0000N,Unknown,2
ASM4022_716_18641-LF,WH PAS WHR ETHERNET BOX ASSY,E1101,A0000N,Unknown,0
ASM4022_716_43911-LF,DOOR HANDLE ASSY,E0603,A0000N,Unknown,0
ASM4022_716_43941-LF,GUTTER W40 H1800,LZKL,A0000N,Unknown,46
ASM4022_716_44131-LF,CP GASKET 38HE W600 D1200 FRAM,D0904,A0000N,Unknown,44
ASM4022_716_47001-LF,MONO CP GASKET 38 HE W800 D900,H0402,A0000N,Unknown,5
ASM4022_716_76571-P,VSRSR MK2,I1602,A0000N,Unknown,8
ASM4022_716_84661-P,MDPC1 MK2 BOTTOM ASSY,EZKE,A0000N,Unknown,3
ASM4022_716_84711-LF,MDPC1 MK2 CUSTM RITTAL PLATE 2,D1603,A0000N,Unknown,3
ASM4022_716_84991-LF,MDPC1 MK2 CUSTM RITTAL PLATE 4,G0502,A0000N,Unknown,3
ASM4022_716_90901-LF,MDPC1 MK2 COVER 1 WELD ASSY,F0902,A0000N,Unknown,3
ASM4022_716_90961-LF,WIRE DUCT 60X60 1600MM,A1501,A0000N,Unknown,4
ASM4022_716_91051-LF,MDPC1 MK2 COVER 2 SUB ASSY,G1802,A0000N,Unknown,3
ASM4022_716_91081-LF,MDPC1 MK2 COVER 3 WELD ASSY,F0702,A0000N,Unknown,3
ASM4022_716_91111-LF,MDPC1 MK2 COVER 4 SUB ASSY,G1602,A0000N,Unknown,3
ASM4022_716_91131-LF,WIRE DUCT 40X40 1600MM,A1501,A0000N,Unknown,3
ASM4022_716_91141-LF,MDPC1 MK2 AIR DIVIDER MONO,HZKH,A0000N,Unknown,3
ASM4022_716_91221-LF,MDPC1 MK2 COVER 5 WELD ASSY,B1902,A0000N,Unknown,3
ASM4022_716_91301-LF,MDPC1 MK2 TOP CONN PLT S-ASSY,EZKE,A0000N,Unknown,3
ASM4022_716_91591-LF,MDPC1 MK2 CUSTM RITTAL PLATE 1,I1502,A0000N,Unknown,3
ASM4022_716_92021-P,MDPC1 MK2 Q1 HANDLE,F1802,A0000N,Unknown,3
ASM4022_716_92081-LF,WIRE DUCT 60X25 675MM,E0402,A0000N,Unknown,3
ASM4022_716_92091-LF,WIRE DUCT 40X25 650MM,E0403,A0000N,Unknown,3
ASM4022_721_15341-LF,ASSR5 REAR PLT WLD ASSY,H0402,A0000N,Unknown,4
ASM4022_721_15361-LF,ASSR5 FNT PLT ASSY,G0402,A0000N,Unknown,4
ASM4022_722_05511-LF,WIRE DUCT 60X60 1000MM,E0402,A0000N,Unknown,3
ASM4022_722_20101-LF,RITTAL CABINET 800X1000X1800,EZKE,A0000N,Unknown,3
ASMLOAD_677_10942-LF,UPS BATTERY PACK 72V 9AH (LOAD,HZKH,A0000N,Unknown,11
BEI00023651,HEELGROUNDER MALE,K1103,B0000N,Unknown,0
BEI0006524,ETIKET LEUCHTGELB   76 X 76,K1102,B0000N,Unknown,0
BEI0006857,ANTISTATIC AIR CUSHION FOIL,I1903,B0000N,Unknown,0
BEI0006874,BOX CARDBRD 229X154X61 WH,J0904,B0000N,Unknown,0
BEI0007595-LF,ESD GLOVE COPPER WIRE SIZE M,K0302,"A0000N, B0000N",Unknown,0
BEI0008235-LF,ESD SHIELDED BAG 305X457,HZKH,A0000N,Unknown,0
BEI0008605,BUBBLE SHEET 0.3M FINE GRADE,K2103,B0000N,Unknown,0
BEI0012975-LF,BOX 521X394X64MM,J1704,B0000N,Unknown,0
BEI0012976-LF,AM-BOX GLUED 485X305X145,LZKL,"A0000N, B0000N",Unknown,0
BEI0012997-LF,AM-BOX GLUED 220X180X120,LZKL,A0000N,Unknown,0
BEI0012999-LF,A_BOX 300X220X75,LZKL,A0000N,Unknown,0
BEI0013000-LF,AM-BOX GLUED  485X305X290,LZKL,A0000N,Unknown,0
BEI0015813-LF,AM-BOX GLUED 485X305X435,LZKL,B0000N,Unknown,0
BEI0020659-LF,TAPE  PP SELF ADH 0.056X50 TRP,K0702,B0000N,Unknown,0
BEI0020662-LF,PLATE 950X1150,LZKL,B0000N,Unknown,0
BEI0020673-LF,STRETCH FOIL PE 500MM,LZKL,B0000N,Unknown,0
BEI0020684-LF,AM-BOX GLUED,LZKL,B0000N,Unknown,0
BEI0021200,ETIKET  LEUCHT ROT  76 X 76,K1103,B0000N,Unknown,0
BEI0021520,ADH.ENTRANCE MAT18INX45IN 30SH,LZKL,B0000N,Unknown,0
BEI0021525,PAPER CLEANROOM A4 WHITE,K1202,B0000N,Unknown,0
BEI0021531,GLOVE AMBI SIZE L  BLUE,LZKL,B0000N,Unknown,0
BEI0021532,GLOVE AMBI SIZE M  BLUE,LZKL,B0000N,Unknown,0
BEI0021533,GLOVE AMBI SIZE S  BLUE,LZKL,B0000N,Unknown,0
BEI0022202-LF,CREASED PLATE,J1204,A0000N,Unknown,0
BEI0022625-LF,CONTEC ESD WIPES 9X9,K0903,A0000N,Unknown,0
BEI0023126,ESD DISPOSABLE HEELSTRAP,J0103,B0000N,Unknown,0
BEI0023394-LF,LABEL MATTE 102X152,K1102,B0000N,Unknown,0
BEI0023418,TX1039   70%  IPA 9X9,LZKL,B0000N,Unknown,0
BEI0025228-LF,ANTI STAT RUBBER BAND 6X100MM,K1203,"A0000N, B0000N",Unknown,0
BEI0025330-LF,ESD BAG (457X457MM),F0706,B0000N,Unknown,0
BEI0025354,CORRUGATED CARD-BOARD BOX 860X,EZKE,A0000N,Unknown,0
BEI0025399,CLEANROOM PAPER  A3 WHITE,K1102,B0000N,Unknown,0
BEI0026366,SHIELDED BAG 254X660MM,HZKH,A0000N,Unknown,0
BEI0027368,PINK LDPE TUBE FOIL CR 700MMX2,LZKL,A0000N,Unknown,0
BEI0027672,"ESD FOLIE 1200MMX0,04MMX500M",LZKL,B0000N,Unknown,0
BEI0027761-LF,FOAM DISIPATIVE PINK 400X300X2,H1905,B0000N,Unknown,0
BEI0027763-LF,BOX CARDBOARD 320X320X65MM BRE,D1806,A0000N,Unknown,0
BEI0027764-LF,FOAM ANTISTATIC PINK 315X315X2,EZKE,A0000N,Unknown,0
BEI0027765-LF,BOX SAFESHIELD 330X180X70MM PI,LZKL,B0000N,Unknown,0
BEI0027780-LF,BOX SAFESHIELD 200X140X55MM WI,LZKL,B0000N,Unknown,0
BEI0027781-LF,BAG HIGHSHIELD 152X203MM,K0802,A0000N,Unknown,0
BEI0028027,"SAFESHIELD DOOS,150X70X45MM WI",LZKL,B0000N,Unknown,0
BEI0028970,BOX SAFESHIELD 30X30X10CM WITH,LZKL,B0000N,Unknown,0
BEI0028971,ESD WIPES 230X230MM,K0803,A0000N,Unknown,0
BEI0028972,CARDBOARD BOX 60X60X30CM,LZKL,B0000N,Unknown,0
BEI0031246,CORRUGATED SHEET 300X2500X0 BK,LZKL,A0000N,Unknown,16
BEI0031649,AM-BOX GLUED,LZKL,B0000N,Unknown,0
BEI0036252,CONDUCTIVE BUBBLE WRAP,K1903,B0000N,Unknown,0
BEI0038726,SALT TABLETS NACL 25KG,LZKL,B0000N,Unknown,0
BEI0042028,DRI-SHIELD 3000  10 X 20 INCH,F0104,B0000N,Unknown,0
BEI0042029,DRI-SHIELD 3000  16 X 18 INCH,F0104,B0000N,Unknown,0
BEI0042652,"ASTUBE FOIL 1000*250M*0,15",LZKL,B0000N,Unknown,0
BEI0053999,CASE ESD SAFE WITH 2 HANDLES A,K0203,B0000N,Unknown,0
BEI0054076,PACKAGING FOR LPM,EZKE,A0000N,Unknown,18
BEI0054325,DOCUMENT POUCH,LZKL,B0000N,Unknown,0
BEI0054416,TEST PROBE - GKS-050 291 050 A,K0103,B0000N,Unknown,0
BEI0054417,TEST PROBE - GKS-075 291 064 A,K0103,B0000N,Unknown,0
BEI0054418,TEST PROBE - GKS-100 291 090 A,K0103,B0000N,Unknown,0
BEI0054419,SWITCH PROBE - SKS-215 002 180,K0103,B0000N,Unknown,0
BEI0054420,SPRING PLUNGER GN 614.5-10-KD,K0003,B0000N,Unknown,0
BEI0054421,STOPPER BOLTS - HEX SOCKET HEA,K0003,B0000N,Unknown,0
BEI0054429,GLOVES BOX (100PCS) NITRILE PO,F0403,B0000N,Unknown,0
BEI0054430,GLOVES BOX (100PCS) NITRILE PO,F0304,B0000N,Unknown,0
BEI0054431,GLOVES BOX (100PCS) NITRILE PO,F0204,B0000N,Unknown,0
BEI0054703,LABEL - 57X51MM - THERMO TOP -,J0003,B0000N,Unknown,0
BEI0055992,SOLDER CHUNKS SAC305 20KG,B1902,A0000N,Unknown,0
BEI0055993,SOLDER BARS SN63PB37 25KG,B1902,A0000N,Unknown,0
BEI0056559,UV LAMP VLR 2,K1103,B0000N,Unknown,0
BEI0056959,"LYRECO ELASTIEKEN, 1,5 X 90 MM",J0003,B0000N,Unknown,0
BEI0057213,SAQB PACK,HZKH,A0000N,Unknown,1
BEI0057524,FILTER MAT PSB/2HY/AQUBE FILTE,J0702,B0000N,Unknown,0
BEI0059099,POLYPROPYLENE FILTER CARTRIDGE,K1103,"A0000N, B0000N",Unknown,0
BEI0059102,POLYPROPYLENE FELT FILTER BAG,,,Unknown,0
BEI0060094,ADAPTER ASM O 10CC BL 1.8M,K0003,B0000N,Unknown,0
BEI0060095,ADAPTER ASM O 30/55CC BL 1.8M,K0003,B0000N,Unknown,0
BEI0060096,ADAPTER ASM O 3CC BL W/FILTER,K0003,B0000N,Unknown,0
BEI0060773,ESD-SAFE ECOSTAT TABLE MAT ROY,LZKL,B0000N,Unknown,0
BEI0060831,MSL LABELS,K0003,B0000N,Unknown,0
BEI0060832,DRY LABELS,K0103,B0000N,Unknown,0
BEI0060881,WRISTBAND COILCORD BLUE10 MM S,K0203,B0000N,Unknown,0
BEI0060917,NUT M18X1 3S AL,K0103,B0000N,Unknown,0
BEI0060948,ESD WHITE POST IT,K0003,B0000N,Unknown,0
COL6000_107_00137,USB CABLE,EZKE,A0000N,Unknown,0
COL6023_243_00072,A-COVER,G1704,A0000N,Unknown,0
COL6023_243_00082,B-COVER,G1804,A0000N,Unknown,0
COL6023_246_00017,TRANSMITTER PCBA,E1203,A0000N,Unknown,0
COL6023_246_00044,CHARGER PCBA,E1403,A0000N,Unknown,3
COL6023_247_00002,TRAY CHARGER,G2004,"A0000N, B0000N",Unknown,2
COL6023_247_00003,MASTER CARDBOX,G2104,"A0000N, B0000N",Unknown,2
COL6023_247_00004,TRAY TRANSMITTER,G1904,A0000N,Unknown,0
KDN6000_107_00063,POWER SUPPLY MEP200A24J,F0103,A0000N,Unknown,2
KDN6028_107_00011,MOTION CORE,D0404,A0000N,Unknown,3
KDN6028_108_00022,MCS PRYOR CUSTOM MOUNT POLE-RA,D0003,A0000N,Unknown,2
KDN6028_240_00132,MCS DISPLAY ASSY,D0004,A0000N,Unknown,2
KDN6028_240_12701,ESD ZIPBAG 400X500MM,D0303,A0000N,Unknown,0
KDN6028_243_00013,MCS REAR CASE,EZKE,A0000N,Unknown,2
KDN6028_243_00063,MCS BATTERY DOOR,D0104,A0000N,Unknown,2
KDN6028_244_00121,POWER CORD EU,F0303,A0000N,Unknown,2
KDN6028_244_00131,POWER CORD US,F0203,A0000N,Unknown,2
KDN6028_244_10311,DISTAL CABLE ALDEN,HZKH,A0000N,Unknown,0
KDN6028_246_00225,MCS CONTROLLER MAIN UNIT GEN1,E1403,A0000N,Unknown,2
KDN6028_246_00623,MCS CONTROLLER SOCKET UNIT,E1103,A0000N,Unknown,2
KDN6028_247_00021,MCS IFU,F0103,A0000N,Unknown,0
KDN6028_247_00042,MCS CONTROLLER BOX,EZKE,A0000N,Unknown,2
KDN6028_247_00052,MCS FOAM INLAY TOP,EZKE,A0000N,Unknown,2
KDN6028_247_00062,MCS FOAM INLAY BOTTOM,EZKE,A0000N,Unknown,2
KDN6028_247_00072,MCS CABLES BOX,EZKE,A0000N,Unknown,2
KDN6028_247_00082,MCS SHIPMENT BOX,EZKE,A0000N,Unknown,2
KDN6028_247_10201,TRANSPORT PACKAGING MCS SHAFT,EZKE,A0000N,Unknown,0
KDN6028_247_10202,TRANSPORT PACKAGING MCS SHAFT,EZKE,A0000N,Unknown,0
KID7002_240_00172,CABIN HOUSING CASE ASSY (LEGAC,E0104,A0000N,Unknown,0
LXD-ASY-000002_01,EOL TEST CONSUMABLES,LZKL,"A0000N, B0000N",Unknown,0
LXD-MNL-000003_07,VELO INST. MANUAL,LZKL,A0000N,Unknown,10
LXD-OTS-000175,POWER SUPPLY (PSU) TDK 250W,EZKE,A0000N,Unknown,1
LXD-OTS-000175_01,TDK 250W AC-DC 24V SMPS,EZKE,A0000N,Unknown,0
LXD-PRT-000002_02,"BOTTOM COVER, PANEL MOUNT",EZKE,A0000N,Unknown,0
LXD-PRT-000004_02,TOP COVER,EZKE,A0000N,Unknown,0
LXD-PRT-000078_10,LED SCREEN,HZKH,A0000N,Unknown,1
LXD01600-1077_A,PACKING FOAM SET,EZKE,A0000N,Unknown,0
LXD01600-2193_F,LID COVER,EZKE,A0000N,Unknown,0
LXD01600-2274_F,"OUTER COVER, PANEL MOUNT",EZKE,A0000N,Unknown,0
LXD01600-2340_C,BETA CHASSIS PLATE ASSY,EZKE,A0000N,Unknown,0
LXD01600-2349_D-C,TOP COVER,HZKH,A0000N,Unknown,0
LXD01600-2359_C-C,"BOTTOM COVER, PANEL MOUNT",HZKH,A0000N,Unknown,0
LXD01600-3164_D-C,LED SCREEN YES OPTOELECTONICS,HZKH,A0000N,Unknown,0
LXD01600-3337,POWER SUPPLY (PSU),E0805,A0000N,Unknown,0
LXD01600-3342,STANDARD AMERICAN FOLDING BOX,EZKE,A0000N,Unknown,0
LXD01600-3343,STANDARD CABLE BOX 220X176X60M,E1504,A0000N,Unknown,0
LXD6031_243_00011,QC NEGATIVE TEST SWABS,LZKL,A0000N,Unknown,0
SMS0069_243_00092-LF,CAMERA HOUSING TOP,HZKH,A0000N,Unknown,64
SMS0069_243_00151-LF,BOTTOM CAMERA HOUSING NO LG,HZKH,A0000N,Unknown,64
SMS0069_246_00035-LF,SDT PROCESSOR BOARD UNIT,H1702,A0000N,Unknown,52
SMS0069_246_00074-LF,SDT CAMERA BOARD 1 UNIT,H1802,A0000N,Unknown,52
SMS0069_246_00174-LF,SDT CAMERA BOARD 2 AND 3 UNIT,H1602,A0000N,Unknown,27
SMS0069_247_00011-LF,SIEMENS SHIPMENT BOX,LZKL,A0000N,Unknown,60
SMS0069_247_00021-LF,SIEMENS SHIPMENT BOX INLAY,LZKL,A0000N,Unknown,60
SMS0069_247_00031,PRODUCT BOX INLAY,J1604,A0000N,Unknown,57
SMS4022_107_00784-LF,CAT5E CABLE,HZKH,A0000N,Unknown,49
THL0822_011_59014-LF,SLEEVE SHRINKABLE 9.5MM,K1703,A0000N,Unknown,0
THL3522_346_03345,HEATSINK,LZKL,A0000N,Unknown,1
THL3522_346_80352-LF,COOL-PLATE,D0203,A0000N,Unknown,0
THL3522_348_05927A,TRX6_BASE,D0002,A0000N,Unknown,0
THL3522_348_05929A,TRX6_BASE,D0003,A0000N,Unknown,36
THL3522_348_05934A,TRX6_COVER,LZKL,A0000N,Unknown,0
THL3522_348_05937A,EXCO TRX6_COVER,LZKL,A0000N,Unknown,43
THL3522_348_05974A,EPC COVER,G0604,A0000N,Unknown,1
THL3522_359_03073,COOLER CCT PTH,,,Unknown,0
THL3522_359_03093,CONNECTOR-55P10P-MIRAD CCT PTH,,,Unknown,0
THL901100000202,LPM BASE PLATE,D0102,A0000N,Unknown,15
THL91902958-LF,1310NM SFF GIGAB ETH OPT TRANS,E1602,A0000N,Unknown,0
THL91957807-LF,DC-DC CONV 1-OUT 24V 4A 105W,D0503,A0000N,Unknown,0
THL91957838-LF,DC-DC CONV 1 OUT 48V 2A 105W,D0302,A0000N,Unknown,0
THL92139504-LF,SUBMINIATURE CYLINDRICAL CONNE,D0402,A0000N,Unknown,0
THL92234293,"QUARTER BRICK CONVERTER, INPUT",D0202,A0000N,Unknown,2
THL9556_822_49453,RS232-A PTH,E0802,A0000N,Unknown,0
